/* 插入系统初始记录 */
INSERT INTO SYSTEM_USER(ID, NUMBER, PASSWORD, NAME, GENDER, AGE, BIRTHDAY, PHONE) VALUES
(1,'1000','202cb962ac59075b964b07152d234b70','Admin','01',NULL,NULL,NULL),
(2,'1001','202cb962ac59075b964b07152d234b70','Jack','01',24,'2010-6-1','1234567890'),
(3,'1002','202cb962ac59075b964b07152d234b70','Kate','02',23,'2010-6-1','1122334455'),
(4,'1003','202cb962ac59075b964b07152d234b70','John','01',21,'2010-6-1','1234567890');

INSERT INTO SYSTEM_ROLE(ID ,NAME ,DESCRIPTION ,ISORGARELA,ORGANIZATIONID) VALUES
(1,'系统管理员','拥有系统管理的权限',false,null),
(2,'普通用户','拥有个人设置、消息管理等权限',false,null),
(3,'财务人员',null,true,9);

INSERT INTO SYSTEM_USER_ROLE(USERID ,ROLEID) VALUES
(1,1),
(1,2),
(1,3),
(2,2),
(2,3),
(3,2),
(4,2);

INSERT INTO SYSTEM_MENU(ID,NAME,URL,DESCRIPTION,LFT,RGT) VALUES
(1,'系统管理',NULL,NULL,1,200),
(2,'用户管理','system/user_manage.html',NULL,2,3),
(3,'角色管理','system/role_manage.html',NULL,4,5),
(4,'菜单管理','system/menu_manage.html',NULL,6,7),
(5,'权限管理','system/privilege_manage.html',NULL,8,9),
(6,'机构管理','system/organization_manage.html',NULL,10,11),
(7,'岗位管理','system/post_manage.html',NULL,12,13),
(8,'枚举管理','system/sysenum_mange.html',NULL,14,15),
(9,'系统参数管理','system/syspara_manage.html',NULL,16,17),
(10,'在线终端管理','system/client.html',NULL,18,19),
(11,'调度程序管理','qrtz/triggers_manager.html',NULL,101,199),
(12,'触发器管理','qrtz/triggers_manager.html',NULL,102,103),
(13,'Simple触发器管理','qrtz/simpletriggers_manager.html',NULL,104,105),
(14,'Cron触发器管理','qrtz/crontriggers_manager.html',NULL,106,107),
(15,'作业管理','qrtz/jobdetails_manager.html',NULL,108,109),
(16,'个人设置',NULL,NULL,201,300),
(17,'消息管理',NULL,NULL,202,250),
(18,'写新消息','system/messagebox_new.html',NULL,203,204),
(19,'收件箱','system/messagebox_inbox.html',NULL,205,206),
(20,'已发消息','system/messagebox_sent.html',NULL,207,208),
(21,'草稿','system/messagebox_draft.html',NULL,209,210),
(22,'修改密码','system/change_pwd.html',NULL,251,252),
(23,'演示页面',NULL,NULL,301,400),
(24,'格式化文本框','demo1.html',NULL,302,303);

INSERT INTO SYSTEM_ROLE_MENU(ROLEID ,MENUID) VALUES
(1,1),
(1,2),
(1,3),
(1,4),
(1,5),
(1,6),
(1,7),
(1,8),
(1,9),
(1,10),
(1,11),
(1,12),
(1,13),
(1,14),
(1,15),
(2,16),
(2,17),
(2,18),
(2,19),
(2,20),
(2,21),
(2,22),
(2,23),
(2,24);

INSERT INTO SYSTEM_ORGANIZATION(ID ,CODE ,NAME ,DESCRIPTION ,PARENTORGID) VALUES
(1,'0100','综合行政部','',0),
(2,'0200','人力资源部','',0),
(3,'0300','研发部','',0),
(4,'0400','实施部','',0),
(5,'0500','运营部','',0),
(6,'0401','实施1组','',4),
(7,'0402','实施2组','',4),
(8,'0301','产品组','',3),
(9,'0301','财务部','',0);

INSERT INTO SYSTEM_PRIVILEGE(ID ,NAME ,DESCRIPTION ,MENUID,METHODPATH) VALUES
(1,'查询',null,2,'com.dolplay.dolpbase.system.module.UserModule.getGridData'),
(2,'获取新用户编号',null,2,'com.dolplay.dolpbase.system.module.UserModule.getNewUserNumber'),
(3,'修改',null,2,'com.dolplay.dolpbase.system.module.UserModule.editRow'),
(4,'分配角色',null,2,'com.dolplay.dolpbase.system.module.UserModule.assignRole'),
(5,'取该用户角色ID',null,2,'com.dolplay.dolpbase.system.module.UserModule.getCurrentRoleIDs'),
(6,'分配岗位',null,2,'com.dolplay.dolpbase.system.module.UserModule.assignPost'),
(7,'修改用户密码',null,2,'com.dolplay.dolpbase.system.module.UserModule.changeUserPassword'),
(8,'导入用户',null,2,'com.dolplay.dolpbase.system.module.UserModule.importUsers'),
(9,'导出用户',null,2,'com.dolplay.dolpbase.system.module.UserModule.export'),
(10,'导出用户',null,2,'com.dolplay.dolpbase.system.module.UserModule.export2'),
(11,'修改该用户密码',null,22,'com.dolplay.dolpbase.system.module.UserModule.changeCurrentUserPassword'),
(12,'查询',null,3,'com.dolplay.dolpbase.system.module.RoleModule.getGridData'),
(13,'修改',null,3,'com.dolplay.dolpbase.system.module.RoleModule.editRow'),
(14,'分配权限',null,3,'com.dolplay.dolpbase.system.module.RoleModule.assignPrivilege'),
(15,'获取ID-角色名的键值对',null,3,'com.dolplay.dolpbase.system.module.RoleModule.getAllRoleMap'),
(16,'获取指定用户岗位',null,3,'com.dolplay.dolpbase.system.module.RoleModule.getUserPostGridData'),
(17,'获取权限树',null,3,'com.dolplay.dolpbase.system.module.MenuModule.getPrivilegeNodesByRoleId'),
(18,'查询',null,4,'com.dolplay.dolpbase.system.module.MenuModule.getGridData'),
(19,'修改',null,4,'com.dolplay.dolpbase.system.module.MenuModule.editRow'),
(20,'添加父菜单',null,4,'com.dolplay.dolpbase.system.module.MenuModule.addParentMenu'),
(21,'获取菜单树',null,4,'com.dolplay.dolpbase.system.module.MenuModule.getNodes'),
(22,'显示菜单',null,0,'com.dolplay.dolpbase.system.module.MenuModule.dispMenu'),
(23,'查询',null,5,'com.dolplay.dolpbase.system.module.PrivilegeModule.getGridData'),
(24,'修改',null,5,'com.dolplay.dolpbase.system.module.PrivilegeModule.editRow'),
(25,'查询',null,6,'com.dolplay.dolpbase.system.module.OrganizationModule.getGridData'),
(26,'修改',null,6,'com.dolplay.dolpbase.system.module.OrganizationModule.editRow'),
(27,'获取机构树',null,6,'com.dolplay.dolpbase.system.module.OrganizationModule.getNodes'),
(28,'查询枚举',null,8,'com.dolplay.dolpbase.system.module.SysEnumModule.getSysEnumGridData'),
(29,'查询枚举细目',null,8,'com.dolplay.dolpbase.system.module.SysEnumModule.getSysEnumItemGridData'),
(30,'修改枚举',null,8,'com.dolplay.dolpbase.system.module.SysEnumModule.editSysEnum'),
(31,'修改枚举细目',null,8,'com.dolplay.dolpbase.system.module.SysEnumModule.editSysEnumItem'),
(32,'查询',null,9,'com.dolplay.dolpbase.system.module.SysParaModule.getGridData'),
(33,'修改',null,9,'com.dolplay.dolpbase.system.module.SysParaModule.editRow'),
(34,'查询',null,10,'com.dolplay.dolpbase.system.module.ClientModule.getGridData'),
(35,'踢出',null,10,'com.dolplay.dolpbase.system.module.ClientModule.kickOff'),
(36,'查询',null,11,'com.dolplay.dolpbase.qrtz.module.TriggersModule.getGridData'),
(37,'查询',null,13,'com.dolplay.dolpbase.qrtz.module.SimpleTriggersModule.getGridData'),
(38,'查询',null,14,'com.dolplay.dolpbase.qrtz.module.CronTriggersModule.getGridData'),
(39,'查询',null,15,'com.dolplay.dolpbase.qrtz.module.JobDetailsModule.getGridData'),
(40,'调度启动状态',null,11,'com.dolplay.dolpbase.qrtz.module.TriggersModule.isSchedulerStart'),
(41,'启动调度',null,11,'com.dolplay.dolpbase.qrtz.module.TriggersModule.startScheduler'),
(42,'停止调度',null,11,'com.dolplay.dolpbase.qrtz.module.TriggersModule.shutdownScheduler'),
(43,'Simple触发器详情',null,13,'com.dolplay.dolpbase.qrtz.module.TriggersModule.getSimpleTrigger'),
(44,'Cron触发器详情',null,14,'com.dolplay.dolpbase.qrtz.module.TriggersModule.getCronTrigger'),
(45,'作业详情',null,15,'com.dolplay.dolpbase.qrtz.module.TriggersModule.getJobDetail'),
(46,'暂停触发器',null,12,'com.dolplay.dolpbase.qrtz.module.TriggersModule.pauseTrigger'),
(47,'恢复触发器',null,12,'com.dolplay.dolpbase.qrtz.module.TriggersModule.resumeTrigger'),
(48,'暂停作业',null,15,'com.dolplay.dolpbase.qrtz.module.JobDetailsModule.pauseJob'),
(49,'恢复作业',null,15,'com.dolplay.dolpbase.qrtz.module.JobDetailsModule.resumeJob'),
(50,'查询收件箱',null,19,'com.dolplay.dolpbase.system.module.MessageModule.getInboxGridData'),
(51,'查询发件箱',null,20,'com.dolplay.dolpbase.system.module.MessageModule.getSentboxGridData'),
(52,'查询草稿箱',null,21,'com.dolplay.dolpbase.system.module.MessageModule.getDraftboxGridData'),
(53,'发信',null,18,'com.dolplay.dolpbase.system.module.MessageModule.sendMessage'),
(54,'保存草稿',null,21,'com.dolplay.dolpbase.system.module.MessageModule.saveMessage'),
(55,'删除已收',null,19,'com.dolplay.dolpbase.system.module.MessageModule.deleteReceivedMessage'),
(56,'删除已发',null,20,'com.dolplay.dolpbase.system.module.MessageModule.deleteSentMessage'),
(57,'删除草稿',null,21,'com.dolplay.dolpbase.system.module.MessageModule.deleteDraftMessage'),
(58,'获取收件人',null,18,'com.dolplay.dolpbase.system.module.MessageModule.getReceiver'),
(59,'上传附件',null,18,'com.dolplay.dolpbase.system.module.MessageModule.uploadAttachment'),
(60,'获取消息附件信息',null,19,'com.dolplay.dolpbase.system.module.MessageModule.getAttachments'),
(61,'下载附件',null,19,'com.dolplay.dolpbase.system.module.MessageModule.downloadAttachment');


INSERT INTO SYSTEM_ROLE_PRIVILEGE(ROLEID,PRIVILEGEID) VALUES
(1,1),
(1,2),
(1,3),
(1,4),
(1,5),
(1,6),
(1,7),
(1,8),
(1,9),
(1,10),
(1,11),
(1,12),
(1,13),
(1,14),
(1,15),
(1,16),
(1,17),
(1,18),
(1,19),
(1,20),
(1,21),
(1,22),
(1,23),
(1,24),
(1,25),
(1,26),
(1,27),
(1,28),
(1,29),
(1,30),
(1,31),
(1,32),
(1,33),
(1,34),
(1,35),
(1,36),
(1,37),
(1,38),
(1,39),
(1,40),
(1,41),
(1,42),
(1,43),
(1,44),
(1,45),
(1,46),
(1,47),
(1,48),
(1,49),
(2,50),
(2,51),
(2,52),
(2,53),
(2,54),
(2,55),
(2,56),
(2,57),
(2,58),
(2,59),
(2,60),
(2,61),
(2,62),
(2,1),
(2,11),
(2,22);

INSERT INTO SYSTEM_SYSENUM(ID,NAME,DESCRIPTION) VALUES
(1,'certificateType','证件类型'), 
(2,'gender','性别');

INSERT INTO SYSTEM_SYSENUMITEM(ID,TEXT,VALUE,SYSENUMID ) VALUES
(1,'身份证','01',1),
(2,'护照','02',1),
(3,'军官证','03',1),
(4,'男','01',2),
(5,'女','02',2);

INSERT INTO SYSTEM_MESSAGE(ID,SENDERUSERID,DATE,TITLE,CONTENT,STATE ) VALUES
(1,1,TIMESTAMP '2011-01-25 00:00:00.0','Test title1','test content','1'),
(2,2,TIMESTAMP '2011-01-25 00:00:00.0','Test title2','test content','1'),
(3,2,TIMESTAMP '2011-01-25 00:00:00.0','Test title222','test content','1');

INSERT INTO SYSTEM_MESSAGE_RECEIVERUSER(MESSAGEID,USERID) VALUES
(1,1),
(2,1),
(3,1);

INSERT INTO SYSTEM_SYSPARA(ID, NAME, VALUE, DESCRIPTION) VALUES
(1, 'SYSTEM_MAXRIGHTVALUE', '1001', null),
(2, 'SYSTEM_DEFAULTPASSWORD', '123', null);