/* 插入系统初始记录 */
INSERT INTO SYSTEM_USER(ID, NUMBER, PASSWORD,SALT, NAME, GENDER, AGE, BIRTHDAY, PHONE) VALUES
(1,'1000','5fQj2w23cyJAPvnoX6jstrQuhOaGQft+U6X59QJK13Y=','fs2pGInGed2JIItAVZirFQ==','Admin','01',NULL,NULL,NULL),
(2,'1001','UkAcbYG7J2ADVE6fFVXHrfpOM6N0jJt3TwKVHbyoYEc=','UK+LVRWhPWdjc01DqzGi+w==','Jack','01',24,'2010-6-1','1234567890'),
(3,'1002','V1l0quNhHxJTdPiFWPQxvoEefwT9KaoE/4oQ0V2i5bk=','eA/C1+zSQ1NF//YtzQltcQ==','Kate','02',23,'2010-6-1','1122334455'),
(4,'1003','03+4vDxzxSVawyycVhRaLdigsC2QnKqf60/8PtlpQHI=','99VlUQl73LZfDFITZkNTZA==','John','01',21,'2010-6-1','1234567890');

INSERT INTO SYSTEM_ROLE(ID ,NAME ,DESCRIPTION ,ISORGARELA,ORGANIZATIONID) VALUES
(1,'系统管理员','拥有系统管理的权限',false,null),
(2,'普通用户','拥有个人设置、消息管理等权限',false,null),
(3,'财务人员',null,true,9);

INSERT INTO SYSTEM_USER_ROLE(USERID ,ROLEID) VALUES
(1,1),
(1,2),
(1,3),
(2,2),
(2,3),
(3,2),
(4,2);

INSERT INTO SYSTEM_MENU(ID,NAME,URL,DESCRIPTION,LFT,RGT,PERMISSIONID) VALUES
(1,'系统管理',NULL,NULL,1,200,102),
(2,'用户管理','system/user_manage.html',NULL,2,3,103),
(3,'角色管理','system/role_manage.html',NULL,4,5,104),
(4,'菜单管理','system/menu_manage.html',NULL,6,7,105),
(5,'权限管理','system/privilege_manage.html',NULL,8,9,106),
(6,'机构管理','system/organization_manage.html',NULL,10,11,107),
(7,'岗位管理','system/post_manage.html',NULL,12,13,108),
(8,'枚举管理','system/sysenum_mange.html',NULL,14,15,109),
(9,'系统参数管理','system/syspara_manage.html',NULL,16,17,110),
(10,'在线终端管理','system/client.html',NULL,18,19,111),
(11,'调度程序管理','qrtz/triggers_manager.html',NULL,101,199,112),
(12,'触发器管理','qrtz/triggers_manager.html',NULL,102,103,113),
(13,'Simple触发器管理','qrtz/simpletriggers_manager.html',NULL,104,105,114),
(14,'Cron触发器管理','qrtz/crontriggers_manager.html',NULL,106,107,115),
(15,'作业管理','qrtz/jobdetails_manager.html',NULL,108,109,116),
(16,'个人设置',NULL,NULL,201,300,117),
(17,'消息管理',NULL,NULL,202,250,118),
(18,'写新消息','system/messagebox_new.html',NULL,203,204,119),
(19,'收件箱','system/messagebox_inbox.html',NULL,205,206,120),
(20,'已发消息','system/messagebox_sent.html',NULL,207,208,121),
(21,'草稿','system/messagebox_draft.html',NULL,209,210,122),
(22,'修改密码','system/change_pwd.html',NULL,251,252,123),
(23,'演示页面',NULL,NULL,301,400,124),
(24,'jqGrid local data','demo1.html',NULL,302,303,125);

INSERT INTO SYSTEM_ORGANIZATION(ID ,CODE ,NAME ,DESCRIPTION ,PARENTORGID) VALUES
(1,'0100','综合行政部','',0),
(2,'0200','人力资源部','',0),
(3,'0300','研发部','',0),
(4,'0400','实施部','',0),
(5,'0500','运营部','',0),
(6,'0401','实施1组','',4),
(7,'0402','实施2组','',4),
(8,'0301','产品组','',3),
(9,'0301','财务部','',0);

INSERT INTO SYSTEM_PERMISSION(ID,NAME,DESCRIPTION) VALUES
(1,'*:*:*','全部权限'),
(2,'*:read:*','对任何对象的浏览'),
(4,'user:read,update:*','对用户的浏览和编辑'),
(5,'user:*:*','对用户的任意操作'),
(6,'user:roleAssign:*','对用户分配角色'),
(7,'role:*:*','对角色的任意操作'),
(8,'permission:*:*','对权限的任意操作'),
(9,'role:PermissionAssign:*','对角色分配权限'),
(101,'html:read:*','对任何页面的浏览'),
(102,'html:read:system_manage','对系统管理模块下页面的浏览'),
(103,'html:read:user_manage','对用户管理页面的浏览'),
(104,'html:read:role_manage','对角色管理页面的浏览'),
(105,'html:read:menu_manage','对菜单管理页面的浏览'),
(106,'html:read:permission_manage','对权限管理页面的浏览'),
(107,'html:read:organization_manage','对机构管理页面的浏览'),
(108,'html:read:post_manage','对岗位管理页面的浏览'),
(109,'html:read:sysenum_mange','对枚举管理页面的浏览'),
(110,'html:read:syspara_manage','对系统参数管理页面的浏览'),
(111,'html:read:client','对在线终端管理页面的浏览'),
(112,'html:read:qrtz','对调度程序管理模块页面的浏览'),
(113,'html:read:triggers_manager','对触发器管理页面的浏览'),
(114,'html:read:simpletriggers_manager','对Simple触发器管理页面的浏览'),
(115,'html:read:crontriggers_manager','对Cron触发器页面的浏览'),
(116,'html:read:jobdetails_manager','对作业管理页面的浏览'),
(117,'html:read:personal','对个人设置模块页面的浏览'),
(118,'html:read:message_manage','对消息管理模块页面的浏览'),
(119,'html:read:messagebox_new','对写新消息页面的浏览'),
(120,'html:read:messagebox_inbox','对收件箱页面的浏览'),
(121,'html:read:messagebox_sent','对已发消息页面的浏览'),
(122,'html:read:messagebox_draft','对草稿页面的浏览'),
(123,'html:read:change_pwd','对修改密码页面的浏览'),
(124,'html:read:demo','对演示页面的浏览'),
(125,'html:read:demo1','对jqGrid local data页面的浏览'),
(126,'user:read:*','对用户的查询操作'),
(127,'user:create:*','对用户的新增操作'),
(128,'user:delete:*','对用户的删除操作'),
(129,'user:update:*','对用户的修改操作'),
(130,'user:assign_role:*','对用户的分配角色操作'),
(131,'user:assign_post:*','对用户的分配岗位操作'),
(132,'user:read_role:*','对用户的查询角色操作'),
(133,'user:change_pwd:*','对用户的修改密码操作'),
(134,'user:import:*','导出用户'),
(135,'user:import2:*','导入用户'),
(136,'user:export:*','导出用户'),
(137,'user:change_pwd:[current_user]','修改当前用户密码'),
(138,'user:read_post:*','对用户的查询岗位操作'),
(139,'role:read:*','对角色的查询操作'),
(140,'role:create:*','对角色的新增操作'),
(141,'role:delete:*','对角色的删除操作'),
(142,'role:update:*','对角色的修改操作'),
(143,'role:assign_permission:*','对角色的分配权限操作'),
(144,'menu:read:*','对菜单的查询操作'),
(145,'menu:create:*','对菜单的新增操作'),
(146,'menu:delete:*','对菜单的删除操作'),
(147,'menu:update:*','对菜单的修改操作'),
(148,'permission:read:*','对权限的查询操作'),
(149,'permission:create:*','对权限的新增操作'),
(150,'permission:delete:*','对权限的删除操作'),
(151,'permission:update:*','对权限的修改操作'),
(152,'organization:read:*','对机构的查询操作'),
(153,'organization:create:*','对机构的新增操作'),
(154,'organization:delete:*','对机构的删除操作'),
(155,'organization:update:*','对机构的修改操作'),
(156,'sysenum:read:*','对枚举的查询操作'),
(157,'sysenum:create:*','对枚举的新增操作'),
(158,'sysenum:delete:*','对枚举的删除操作'),
(159,'sysenum:update:*','对枚举的修改操作'),
(160,'syspara:read:*','对参数的查询操作'),
(161,'syspara:create:*','对参数的新增操作'),
(162,'syspara:delete:*','对参数的删除操作'),
(163,'syspara:update:*','对参数的修改操作'),
(164,'client:read:*','对客户端的查询操作'),
(165,'client:kickoff:*','对客户端的踢出操作'),
(166,'triggers:read:*','对触发器的查询操作'),
(167,'simpletriggers:read:*','对简单触发器的查询操作'),
(168,'crontriggers:read:*','对CORN触发器的查询操作'),
(169,'jobdetails:read:*','对作业详情的查询操作'),
(170,'scheduler:read:*','对调度的查询操作'),
(171,'scheduler:start:*','对调度的启动操作'),
(172,'scheduler:shutdown:*','对调度的停止操作'),
(173,'triggers:pause:*','对触发器的暂停操作'),
(174,'triggers:resume:*','对触发器的恢复操作'),
(175,'job:pause:*','对作业的暂停操作'),
(176,'job:resume:*','对作业的恢复操作'),
(177,'message:read:*','对消息的查询操作'),
(178,'message:send:*','对消息的发送操作'),
(179,'message:create:*','对消息的保存草稿操作'),
(180,'message:delete:*','对消息的删除操作'),
(181,'attachment:upload:*','对附件的删除操作'),
(182,'attachment:download:*','对附件的删除操作'),
(183,'attachment:delete:*','对附件的删除操作');

INSERT INTO SYSTEM_ROLE_PERMISSION(ROLEID,PERMISSIONID) VALUES
(1,1),
(2,2),
(2,5),
(2,4),
(2,6),
(2,7),
(2,8),
(2,9),
(1,101),
(1,102),
(1,103),
(1,104),
(1,105),
(1,106),
(1,107),
(1,108),
(1,109),
(1,110),
(1,111),
(1,112),
(1,113),
(1,114),
(1,115),
(1,116),
(1,117),
(1,118),
(1,119),
(1,120),
(1,121),
(1,122),
(1,123),
(1,124),
(1,125);


INSERT INTO SYSTEM_SYSENUM(ID,NAME,DESCRIPTION) VALUES
(1,'certificateType','证件类型'), 
(2,'gender','性别');

INSERT INTO SYSTEM_SYSENUMITEM(ID,TEXT,VALUE,SYSENUMID ) VALUES
(1,'身份证','01',1),
(2,'护照','02',1),
(3,'军官证','03',1),
(4,'男','01',2),
(5,'女','02',2);

INSERT INTO SYSTEM_MESSAGE(ID,SENDERUSERID,DATE,TITLE,CONTENT,STATE ) VALUES
(1,1,TIMESTAMP '2011-01-25 00:00:00.0','Test title1','test content','1'),
(2,2,TIMESTAMP '2011-01-25 00:00:00.0','Test title2','test content','1'),
(3,2,TIMESTAMP '2011-01-25 00:00:00.0','Test title222','test content','1');

INSERT INTO SYSTEM_MESSAGE_RECEIVERUSER(MESSAGEID,USERID) VALUES
(1,1),
(2,1),
(3,1);

INSERT INTO SYSTEM_SYSPARA(ID, NAME, VALUE, DESCRIPTION) VALUES
(1, 'SYSTEM_MAXRIGHTVALUE', '1001', null),
(2, 'SYSTEM_DEFAULTPASSWORD', '123', null);